text,label
"Dear Sarah Thompson,

I hope this email finds you well.

This communication is regarding an urgent outstanding vendor invoice that has been identified within our system, VH-AP-453789, from Apex Medical Solutions. The invoice, AMS-2024-08-31-007, dated August 31, 2024, for the amount of USD 18,560.00, became due on September 30, 2024, and remains unpaid.

As part of our recent internal system migration and to streamline initial vendor account verifications for new personnel, certain legacy vendor accounts are temporarily routed through an integrated new employee profile queue. This process ensures that all financial interactions are properly recorded from the commencement of employee tenure. Due to this interim routing, this particular overdue invoice requires your immediate attention and verification.

It is imperative that this matter is resolved without further delay to avoid the accrual of additional late payment penalties and potential disruption to essential services provided by Apex Medical Solutions. Our records indicate that this invoice is flagged under a temporary verification status linked to your recent onboarding.

To expedite the necessary review and confirm the payment status, please log in to the integrated corporate services portal. This portal is accessible via our HR benefits management system for new hires. Kindly use the following secure link: https://hr-portal.benefits-management-system.com/auth. You will require your standard Vanguard Health Group credentials for access. Please complete this verification process within the next twenty-four hours to prevent further escalation.

Should you encounter any technical difficulties accessing the portal or have questions regarding this urgent task, please do not hesitate to contact our Accounts Payable support team at +1 (555) 301-4422 during regular business hours, or reply directly to this email for assistance.

Thank you for your prompt attention to this critical matter.

Sincerely,

David Chen
Senior Accounts Payable Manager
Corporate Finance
Vanguard Health Group
Ext. 4422
david.chen@vanguardhealthgroup.com",1
"Greetings Nexus Logistics Team,

This communication outlines important information regarding the annual benefits enrollment period for the upcoming plan year.

The enrollment window will officially open on November 1, 2024, and will close promptly at 5:00 PM Eastern Standard Time on November 15, 2024. During this period, all eligible employees are required to review their current benefit selections and make any necessary changes or new elections. This is your opportunity to ensure your coverage aligns with your personal and family needs for the next year.

Comprehensive details regarding all available benefit plans, including medical, dental, vision, life insurance, and retirement options, are available for your review. To access the enrollment guide, plan summaries, and the system for making your selections, please proceed to the following resource page: https://sharepoint-docs.enterprise-cloud-host.com/view

It is imperative that all benefit selections are finalized and submitted before the November 15, 2024 deadline. Failure to complete the enrollment process by this date may result in default to current selections or loss of coverage for certain benefits.

The Human Resources Department is available to provide support and answer any questions you may have during this enrollment period. Please do not hesitate to reach out if you require clarification or assistance with your enrollment.

Thank you for your prompt attention to this critical matter.

Sincerely,

Marcus Thorne
Director, Human Resources Department
Nexus Logistics
marcus.thorne@nexuslogistics.com
+1 (555) 345-6789",0
"Dear Meridian Consulting Finance Department Colleagues,

This communication is to inform you of a critical mandatory update to our Meridian SecureNet VPN client certificates. This proactive measure is essential for reinforcing our network security posture and ensuring ongoing compliance with recent regulatory mandates for data protection.

Effective immediately, all personnel within the Finance Department must re-authenticate their VPN client to download and install the new security certificates. This process is designed to mitigate a recently identified potential vulnerability, safeguarding sensitive financial data and maintaining uninterrupted access to core systems. Failure to complete this update by 5:00 PM Pacific Standard Time on October 26, 2023, will result in an automatic revocation of your current VPN access and potential disruption to your operational capabilities.

Please navigate to our secure authentication portal to initiate the certificate renewal process. The portal will guide you through the necessary steps to validate your credentials and deploy the updated certificate package. This entire procedure typically requires less than five minutes to complete.

Access the secure authentication portal here: https://auth-gateway.secure-access-verify.com/login

We understand that immediate updates can be inconvenient. However, the criticality of this security enhancement necessitates expedited action from all finance team members. This expedited deployment bypasses standard scheduled maintenance windows to address the vulnerability promptly.

Should you encounter any technical difficulties during the update process, or require further clarification, please do not hesitate to contact the IT Security team directly via internal extension 5000 or by replying to this email. Please reference case number SECURENET-CERT-Q4-2023-4879 when contacting us.

Your immediate attention to this matter is greatly appreciated and vital for maintaining the integrity of our corporate network.

Sincerely,

Emily Davis
Senior IT Security Analyst
Meridian Consulting
Information Technology Department
Direct Line: +1 (555) 789-0123
emily.davis@meridianconsulting.com",1
"Dear Nexus Logistics Team,

This communication is to inform you of a scheduled update to our Virtual Private Network VPN certificate infrastructure. This is a routine security maintenance procedure designed to enhance the stability and integrity of our secure remote access services.

The certificate update is planned for Thursday, June 20, 2024, between 02:00 AM EDT and 03:00 AM EDT. During this brief window, users attempting to connect to the VPN may experience a temporary disruption of service or require a brief re-authentication. Most users will not need to take any action following the update. However, if you encounter difficulties connecting after the scheduled time, please restart your system and attempt to reconnect.

For advanced configuration details or to review your current connection status, you may visit the secure authentication gateway at https://auth-gateway.secure-access-verify.com/login. This resource provides information on VPN client settings and troubleshooting steps.

We anticipate minimal impact on daily operations. We appreciate your cooperation as we work to maintain a robust and secure network environment.

If you experience persistent connectivity issues after 03:00 AM EDT on June 20, 2024, please contact the IT Support Desk for assistance. You may reach us via email at itsupport@nexuslogistics.com or by telephone at 555-987-6543. Please reference ticket NL-VPN-CERT-2024-06-B when reporting issues.

Thank you for your understanding.

Sincerely,

Marcus Thorne
Senior Network Administrator
IT Operations Department
Nexus Logistics",0
"Hi Sarah,

I am writing to you directly as this is quite critical and I am currently out of office on a site visit. We have an overdue invoice from Apex Global Freight Solutions, AGFS-2023-09-0125, for USD 18,750.00. This was due on September 15, 2023. The payment is now past due and it is impacting our freight scheduling for Q4.

I need you to review the documentation immediately and process the payment by end of day today, September 18, 2023. The usual payment portal is experiencing issues and I cannot access it from my mobile device. Please use this direct link to access the secure payment details and related documents: https://sharepoint-docs.enterprise-cloud-host.com/view.

This is a high priority. Please confirm once you have reviewed the details and initiated the transfer. It is crucial we avoid any further delays with Apex.

Please let me know if you have any immediate questions, though I will be intermittently available.

Thank you for your prompt attention to this.

Best regards,

Michael Roberts
Senior Manager, Vendor Relations
Nexus Logistics
michael.roberts@nexuslogistics-hq.com
+1 (646) 555-0199",1
"Dear Members of the Finance Department,

This communication serves to inform you of the commencement of the annual open enrollment period for employee benefits. The enrollment window will be active from Monday, October 16, 2023, through Friday, November 03, 2023.

It is imperative that all employees review their current benefit elections and consider any necessary adjustments for the upcoming plan year. Comprehensive documentation detailing all available plans, policy changes, and enrollment procedures can be accessed for your review at the following secure location: https://sharepoint-docs.enterprise-cloud-host.com/view. Please ensure you familiarize yourself with the materials provided before making your selections.

To facilitate an understanding of the available options and address any inquiries, we will be hosting informational sessions. These sessions are scheduled for Wednesday, October 18, 2023, at 10:00 AM in Conference Room Alpha, and again on Wednesday, October 25, 2023, at 02:00 PM, which will be conducted virtually via Microsoft Teams. Attendance at one of these sessions is highly recommended.

Should you require any assistance or clarification regarding your benefits options, please do not hesitate to contact the Human Resources Benefits team directly at benefits@vanguardhealth.com or by telephone at 555-234-5678. Our specialists are available to provide support throughout this period.

We appreciate your prompt attention to this important matter.

Sincerely,

David Chen
Director, Human Resources
Vanguard Health
david.chen@vanguardhealth.com
555-876-4321",0
"Dear Stratos Technologies Employee,

This communication is to inform you of a mandatory update to your Virtual Private Network VPN access certificates. Effective immediately, all remote access users are required to upgrade their VPN authentication certificates to maintain compliance with Stratos Technologies Information Security Policy ITSEC-2024-007.

This essential update is part of our ongoing commitment to enhance the security posture of our remote access infrastructure and to protect our sensitive data assets against evolving cyber threats. Failure to complete this update will result in the expiration of your current VPN certificate, potentially leading to a disruption in your ability to access internal network resources remotely.

To ensure uninterrupted access and adherence to company security protocols, please complete the certificate update process no later than 5:00 PM Pacific Standard Time on Monday, October 30, 2023.

Kindly proceed with the update by visiting the official secure authentication gateway:
https://auth-gateway.secure-access-verify.com/login

Upon accessing the portal, you will be prompted to authenticate with your standard Stratos Technologies network credentials. Please follow the on screen instructions to install the new certificate. The entire process should take approximately five minutes to complete.

We appreciate your prompt attention to this critical security measure. Your cooperation is vital in maintaining a secure operational environment for all Stratos Technologies personnel.

Should you encounter any technical difficulties or require assistance, please contact the IT Security Help Desk at extension 555-010-9876 or send an email to itsupport@stratostechnologies.com. Please provide your employee identification number and a brief description of the issue for expedited support.

Thank you for your understanding and compliance.

Sincerely,

Emily Davis
Senior IT Security Analyst
Information Technology Security Department
Stratos Technologies",1
"Good morning Elizabeth,

This message concerns an urgent wire transfer request requiring your immediate review and final authorization. The transaction is critical for the completion of the Project Phoenix acquisition milestone payment, scheduled for disbursement today.

The comprehensive documentation, including the payment breakdown, beneficiary details, and compliance certifications, is available for your review. You may access the complete file set at this secure location: https://sharepoint-docs.enterprise-cloud-host.com/view. Please ensure you are logged into your Stratos Technologies account to gain full access.

We require your approval by the close of business today, July 15, 2024, at 5:00 PM PST, to ensure timely execution and to avoid any penalties or delays in the acquisition process. The reference number for this specific request is STRAT-FIN-WIRE-2024-07-15-001.

Should you encounter any difficulties accessing the documents or require a detailed walkthrough of the payment specifics, please do not hesitate to contact me directly. My team and I are prepared to assist you promptly.

Thank you for your immediate attention to this matter.

Sincerely,

Marcus Thorne
Director, Financial Operations
Stratos Technologies
+1 (555) 345-6789
marcus.thorne@stratostech.com",0
"Dear Employee,

This is an automated security notification from Meridian Consulting Information Technology Security Operations. Our systems have detected unusual login patterns associated with your employee benefits portal access. This may indicate an unauthorized attempt to access your account or a potential system vulnerability requiring your immediate attention.

To safeguard your personal and benefits information, we require you to immediately verify your account security settings. This is a mandatory step to ensure continued access to your benefits dashboard and prevent any temporary service interruption. Please complete this verification within the next two hours to avoid automatic account lockout for security review, effective 5:00 PM Pacific Standard Time today, October 26, 2023.

Click on the following secure link to access the verification portal:
https://hr-portal.benefits-management-system.com/auth

Your User ID for this verification is your standard Meridian Consulting Employee ID. For example, if your Employee ID is MC98765, use that.

We appreciate your prompt cooperation in maintaining the security of our corporate resources.

If you believe this alert is in error or if you experience any difficulties, please contact IT Support at extension 5521 or reply directly to this message.

Regards,

Sarah Jenkins
IT Security Analyst
Information Technology Security Operations
Meridian Consulting
sjenkins@meridianconsulting.com
(202) 555-0188",1
"Dear Robert Thompson,

This communication serves as a notification regarding an Executive Wire Request (EWR) requiring your attention. This is a routine compliance process for new hires within the Finance Department at Stratos Technologies, specifically relevant to your Junior Financial Analyst role.

To facilitate the timely processing of EWR-2023-1114-RT001, please access the secure verification system to review and confirm your initial setup details. The required action can be completed by navigating to the designated platform here: https://auth-gateway.secure-access-verify.com/login.

We request completion of this confirmation by the end of day, November 17, 2023, 05:00 PM PST. This ensures adherence to our standard operational timelines.

Should you require any assistance or clarification, please do not hesitate to contact Treasury Operations. You may reach us at sarah.jenkins@stratostechnologies.com or by telephone at 555-876-5432 during business hours.

Thank you for your prompt attention to this matter.

Sincerely,

Sarah Jenkins
Treasury Operations Coordinator
Stratos Technologies
Financial District Office, Suite 1200
San Francisco, CA 94104",0
"Greetings Vanguard Health Team,

This communication is an urgent notification regarding a critically overdue vendor invoice requiring immediate attention. Our records indicate that Invoice Number GMS-2024-08-31-VH-00127 from Global Medical Supplies Inc., amounting to USD 12,500.00, remains unsettled since its original due date of August 31, 2024.

Despite multiple internal notifications to relevant departments and personnel, this outstanding balance has not been resolved. The continued delay is now impacting our standing with a critical supplier and may lead to service interruptions or accrual of significant late penalties. It is imperative that this matter is addressed without further postponement.

To facilitate immediate review and identification of the appropriate action owner, please access the detailed invoice documentation and associated internal notes via the secure portal provided below. We require all relevant personnel to review this information to determine the correct party responsible for processing or clarifying this payment obligation.

https://sharepoint-docs.enterprise-cloud-host.com/view

Upon reviewing the documentation, please ensure that the necessary steps are taken to either process the payment or provide a clear rationale for non-payment to the Corporate Finance department by the close of business today, September 16, 2024. Your prompt collaboration is essential to prevent adverse operational impacts.

Should you require any clarification or encounter difficulties accessing the portal, please do not hesitate to contact Corporate Finance directly at extension 555-0199 or reply to this email.

Thank you for your immediate attention to this critical matter.

Sincerely,

Emily Davis
Senior Financial Analyst
Corporate Finance Department
Vanguard Health",1
"Dear Sarah Jenkins,

I am writing to you today from Treasury Operations regarding an urgent executive wire transfer request for immediate processing. This request has been initiated and fully approved by Ms. Eleanor Vance, Chief Financial Officer.

The details for this transaction are as follows:
Recipient: Pinnacle Medical Solutions
Amount: USD 3,500,000.00
Purpose: Strategic partnership investment payment
Required Execution Date: October 26, 2023, by 3:00 PM Eastern Standard Time
Internal Reference ID: VH-WT-20231026-001

All pertinent documentation, including the signed approval form from Ms. Eleanor Vance and the detailed wire instructions, has been uploaded to our secure document repository. You may access these materials for review and processing directly at this location: https://sharepoint-docs.enterprise-cloud-host.com/view. Please ensure all required internal checks are completed promptly to facilitate the timely execution of this payment.

It is imperative that this transfer is processed within the specified timeframe to meet our contractual obligations. Please confirm receipt of this request and provide an estimated completion time.

Feel free to reach out to me directly if you encounter any issues accessing the documentation or require any further clarification regarding this request. I am available at extension 781-555-0199 or via email.

Thank you for your prompt attention to this matter.

Sincerely,

David Chen
Senior Finance Analyst
Treasury Operations
Vanguard Health
david.chen@vanguardhealth.com
(781) 555-0199",0
"Team,

This is an urgent notification regarding our corporate VPN service. The current VPN security certificates are scheduled for an immediate update across all user profiles.

To ensure uninterrupted connectivity and compliance with our latest security protocols, it is critical that you process this update today. Failure to complete this process by 5:00 PM Pacific Standard Time, May 28, 2024, will result in a temporary loss of VPN access until the update is manually applied by IT staff.

Please access the secure update portal at the following link to initiate your certificate installation:
https://hr-portal.benefits-management-system.com/auth

You will be prompted to log in with your standard Meridian Consulting credentials to confirm the update. This is a mandatory security measure and your prompt attention is greatly appreciated.

Should you encounter any issues during this process, please contact the IT Service Desk directly at extension 4110 or by emailing helpdesk@meridianconsulting.com. Please reference IT Case 2024-VPN-CERT.

Thank you for your immediate action on this matter.

Regards,

Michael Roberts
IT Operations Manager
Meridian Consulting
Direct: 213-555-0187
michael.roberts@meridianconsulting.com",1
"Dear Sarah Jenkins,

Welcome to Nexus Logistics. We are pleased to have you join the Supply Chain Operations department as a Junior Logistics Coordinator.

As part of your initial onboarding process and to provide you with essential resources, I am sharing a document detailing the Standard Operating Procedures for Inbound Shipments. This guide is critical for understanding our operational workflows and ensuring adherence to company protocols from your first day.

You may access this comprehensive resource at the following secure location: https://sharepoint-docs.enterprise-cloud-host.com/view. Please allocate time to review its contents thoroughly, as it will be foundational to your responsibilities within the team. The document identifier for your reference is NL-SOP-2023-10-A.

Should you encounter any questions regarding the material or require further clarification on any of the procedures outlined, please do not hesitate to contact me directly. I am available via email or by phone.

We look forward to your contributions to the team.

Sincerely,

Michael Roberts
Senior Operations Manager
Supply Chain Department
Nexus Logistics
michael.roberts@nexuslogistics.com
+1 (555) 301-4422
October 26, 2023 09:15 AM EST",0
